                  epoch,         train/box_loss,         train/cls_loss,         train/dfl_loss,   metrics/precision(B),      metrics/recall(B),       metrics/mAP50(B),    metrics/mAP50-95(B),           val/box_loss,           val/cls_loss,           val/dfl_loss,                 lr/pg0,                 lr/pg1,                 lr/pg2
                      0,                 1.7655,                 2.2668,                 1.2653,                0.95974,                  0.585,                0.79405,                0.45946,                 1.1064,                 4.7022,                 0.9178,             0.00065686,             0.00065686,             0.00065686
                      1,                 1.5045,                 1.3095,                 1.1351,                0.56786,                0.57669,                  0.585,                 0.3175,                 1.2348,                 17.031,                 1.0091,              0.0013209,              0.0013209,              0.0013209
                      2,                 1.4821,                 1.2168,                 1.1245,                 0.7834,                0.80982,                0.86126,                 0.5727,                0.99301,                 3.5627,                0.87407,              0.0019823,              0.0019823,              0.0019823
                      3,                 1.4825,                 1.1665,                 1.1193,                0.86169,                0.61154,                0.77394,                0.44662,                 1.2224,                 2.2384,                0.94011,              0.0019881,              0.0019881,              0.0019881
                      4,                 1.4029,                 1.0949,                 1.1065,                 0.8381,                0.83436,                0.87266,                0.55341,                0.93245,                 7.9961,                0.85209,              0.0019881,              0.0019881,              0.0019881
                      5,                 1.3545,                 1.0159,                 1.0863,                0.92525,                0.80368,                0.89552,                0.58996,                 1.0447,                 2.3513,                0.89145,              0.0019842,              0.0019842,              0.0019842
                      6,                 1.3628,                0.96051,                 1.0963,                0.81385,                 0.8315,                0.84715,                0.51968,                 1.1435,                  2.656,                0.95359,              0.0019802,              0.0019802,              0.0019802
                      7,                 1.3154,                 0.9936,                 1.0805,                 0.8673,                0.79755,                0.85168,                0.58778,                0.95302,                 1.4661,                0.85609,              0.0019762,              0.0019762,              0.0019762
                      8,                 1.2733,                0.94929,                 1.0588,                0.89452,                0.83242,                0.87692,                0.59129,                0.95328,                 1.1393,                0.84567,              0.0019723,              0.0019723,              0.0019723
                      9,                 1.3034,                0.91644,                 1.0776,                0.90349,                0.87117,                0.89809,                0.62664,                 1.0055,                 2.8539,                0.87114,              0.0019683,              0.0019683,              0.0019683
                     10,                 1.2227,                0.90565,                 1.0445,                0.91048,                0.89571,                0.91193,                0.59574,                  1.038,                  2.604,                0.87386,              0.0019644,              0.0019644,              0.0019644
                     11,                 1.2724,                0.90349,                 1.0689,                 0.9186,                0.82209,                 0.8971,                0.59303,                 1.0201,                 2.3883,                0.86964,              0.0019604,              0.0019604,              0.0019604
                     12,                 1.2718,                0.87746,                 1.0548,                 0.9063,                0.92025,                0.90668,                0.63725,                 0.9028,                 1.2244,                0.82139,              0.0019564,              0.0019564,              0.0019564
                     13,                 1.1573,                0.85476,                 1.0193,                0.91304,                0.90183,                0.90983,                0.64517,                0.96602,                0.93047,                 0.8359,              0.0019525,              0.0019525,              0.0019525
                     14,                 1.2095,                0.89678,                 1.0586,                0.89314,                0.91411,                0.92632,                 0.6691,                0.87479,                0.98629,                0.83655,              0.0019485,              0.0019485,              0.0019485
                     15,                 1.1594,                0.82373,                 1.0194,                0.87908,                0.90798,                0.91257,                0.66217,                0.91248,                 1.0213,                0.82733,              0.0019446,              0.0019446,              0.0019446
                     16,                 1.1462,                0.84283,                 1.0187,                0.95262,                0.86342,                0.92955,                0.63736,                0.93512,                 1.2051,                0.85506,              0.0019406,              0.0019406,              0.0019406
                     17,                 1.2101,                0.82838,                 1.0408,                0.90116,                0.89494,                0.90909,                0.65591,                0.77054,                  2.505,                0.80024,              0.0019366,              0.0019366,              0.0019366
                     18,                 1.1269,                0.77016,                 1.0287,                0.93187,                0.83917,                0.89786,                 0.6603,                 1.0255,                 2.2225,                0.87494,              0.0019327,              0.0019327,              0.0019327
                     19,                 1.1379,                 0.7857,                 1.0175,                 0.9298,                0.89386,                0.92059,                0.68478,                0.97185,                0.99226,                0.86716,              0.0019287,              0.0019287,              0.0019287
                     20,                 1.1456,                0.78417,                 1.0282,                0.90309,                0.91473,                0.93757,                 0.6868,                0.75951,                 2.1789,                0.79749,              0.0019248,              0.0019248,              0.0019248
                     21,                 1.2045,                0.80831,                 1.0354,                  0.929,                0.86503,                0.92728,                0.66066,                  1.081,                 1.0005,                 0.8942,              0.0019208,              0.0019208,              0.0019208
                     22,                 1.1256,                0.77746,                 1.0265,                0.92917,                0.88526,                0.93265,                0.66687,                 1.0102,                0.78203,                0.87253,              0.0019168,              0.0019168,              0.0019168
                     23,                 1.1642,                0.80751,                 1.0392,                0.93888,                0.90798,                0.93562,                0.69499,                 1.0002,                0.81187,                0.87839,              0.0019129,              0.0019129,              0.0019129
                     24,                 1.1541,                0.77051,                 1.0213,                0.90761,                0.90798,                0.91976,                 0.6753,                0.88517,                0.78676,                0.81663,              0.0019089,              0.0019089,              0.0019089
                     25,                 1.0934,                0.74402,                 1.0078,                0.91208,                0.89099,                0.92718,                0.65735,                0.90683,                 1.0248,                0.83457,               0.001905,               0.001905,               0.001905
                     26,                  1.133,                0.75804,                 1.0112,                0.96616,                0.87591,                0.92175,                0.67583,                0.91728,                 1.0325,                0.85819,               0.001901,               0.001901,               0.001901
                     27,                 1.1115,                0.73823,                 1.0092,                0.94069,                0.88957,                 0.9349,                0.68235,                0.85299,                 1.6243,                 0.8155,               0.001897,               0.001897,               0.001897
                     28,                 1.0612,                0.72532,                 1.0022,                0.93006,                0.92025,                0.90823,                0.67224,                 1.0774,                 1.1394,                0.91999,              0.0018931,              0.0018931,              0.0018931
                     29,                 1.1723,                0.75755,                 1.0172,                0.93095,                0.90979,                0.92819,                0.68651,                0.89752,                 2.6795,                0.82908,              0.0018891,              0.0018891,              0.0018891
                     30,                 1.1337,                0.76807,                 1.0006,                0.94532,                0.88344,                0.91894,                0.68765,                 1.0362,                0.75817,                0.94727,              0.0018852,              0.0018852,              0.0018852
                     31,                 1.0769,                0.70375,                 1.0038,                0.92857,                0.87729,                0.90937,                0.66302,                0.95376,                0.92189,                0.90486,              0.0018812,              0.0018812,              0.0018812
                     32,                 1.0884,                0.71624,                 1.0255,                0.93477,                0.89571,                0.92727,                0.68744,                 0.8401,                0.76734,                0.79772,              0.0018772,              0.0018772,              0.0018772
                     33,                 1.0954,                 0.7426,                 1.0024,                0.91033,                0.90184,                0.91647,                0.66907,                0.97856,                 2.4477,                0.86088,              0.0018733,              0.0018733,              0.0018733
                     34,                 1.0344,                0.72032,                  0.988,                0.92216,                0.88344,                0.92697,                0.67418,                0.88355,                 1.7126,                0.83626,              0.0018693,              0.0018693,              0.0018693
                     35,                  1.091,                0.73515,                 1.0148,                0.96023,                0.88877,                 0.9056,                0.67527,                0.98418,                 2.0357,                0.87523,              0.0018654,              0.0018654,              0.0018654
                     36,                 1.0672,                 0.6914,                0.99647,                0.91925,                0.87117,                0.91753,                 0.6652,                 1.0229,                0.93943,                0.92145,              0.0018614,              0.0018614,              0.0018614
                     37,                 1.0326,                0.68203,                0.98667,                0.93358,                0.86237,                0.91953,                0.70056,                0.87108,                 2.1865,                0.81865,              0.0018574,              0.0018574,              0.0018574
                     38,                 1.0682,                 0.7107,                0.99974,                0.95275,                0.88957,                0.93412,                0.73006,                0.82602,                0.85562,                0.81557,              0.0018535,              0.0018535,              0.0018535
                     39,                 1.0587,                0.72045,                 1.0043,                0.94428,                0.88344,                0.91774,                0.69362,                 0.7815,                0.86033,                0.79837,              0.0018495,              0.0018495,              0.0018495
                     40,                 1.0379,                 0.6704,                0.98303,                0.92423,                0.88957,                0.94477,                 0.7013,                0.80003,                0.88116,                0.79365,              0.0018456,              0.0018456,              0.0018456
                     41,                 1.0282,                0.66493,                0.98516,                0.95457,                0.89571,                 0.9477,                 0.7212,                0.81786,                0.86887,                0.79611,              0.0018416,              0.0018416,              0.0018416
                     42,                   1.04,                0.69297,                0.99071,                0.92643,                0.92709,                0.94584,                 0.7165,                0.93989,                0.99426,                0.83104,              0.0018376,              0.0018376,              0.0018376
                     43,                 1.0624,                0.70531,                 1.0006,                0.96745,                0.87117,                0.94059,                 0.7166,                 0.7995,                0.65904,                0.79778,              0.0018337,              0.0018337,              0.0018337
                     44,                 1.0189,                0.68528,                0.96814,                0.94706,                0.91411,                0.93997,                0.69634,                0.94601,                 1.0429,                0.82827,              0.0018297,              0.0018297,              0.0018297
                     45,                  1.058,                0.69176,                0.99637,                0.93561,                0.89138,                0.93359,                0.70159,                 1.0524,                0.80992,                 0.8712,              0.0018258,              0.0018258,              0.0018258
                     46,                 1.0414,                0.68253,                0.98239,                0.94153,                0.91411,                0.94606,                0.72069,                0.83217,                0.81155,                0.79884,              0.0018218,              0.0018218,              0.0018218
                     47,                 1.0426,                0.64863,                0.97027,                0.95333,                0.92638,                0.94932,                0.72438,                0.83518,                 1.5041,                0.80045,              0.0018178,              0.0018178,              0.0018178
                     48,                 1.0082,                0.66131,                0.97099,                0.94298,                0.91321,                0.94029,                0.70504,                0.72352,                 0.7061,                0.77068,              0.0018139,              0.0018139,              0.0018139
                     49,                 1.0684,                 0.7141,                0.97407,                0.93276,                0.91411,                0.93944,                0.69495,                0.85401,                 1.0516,                0.81183,              0.0018099,              0.0018099,              0.0018099
                     50,                0.98147,                0.65897,                0.96929,                0.94299,                0.91336,                0.93346,                0.74121,                0.91119,                 1.0441,                0.86439,               0.001806,               0.001806,               0.001806
                     51,                 1.0141,                0.65895,                0.98049,                0.94441,                0.90184,                0.94441,                 0.7298,                 0.7353,                0.85141,                0.78328,               0.001802,               0.001802,               0.001802
                     52,                 1.0219,                0.67144,                0.99511,                0.95073,                0.91411,                0.92072,                0.71154,                0.84577,                0.96737,                0.81994,               0.001798,               0.001798,               0.001798
                     53,                0.99995,                0.66449,                0.97831,                0.93142,                0.92638,                0.94883,                0.72848,                0.71018,                0.94454,                0.77402,              0.0017941,              0.0017941,              0.0017941
                     54,                 1.0636,                0.70009,                0.99833,                0.94824,                0.89913,                0.94509,                0.71273,                0.90442,                0.98016,                0.83393,              0.0017901,              0.0017901,              0.0017901
                     55,                 1.0294,                 0.6678,                0.97911,                0.95537,                0.88344,                0.92566,                0.71052,                0.83584,                 1.3184,                0.79576,              0.0017862,              0.0017862,              0.0017862
                     56,                 1.0412,                0.67068,                0.98874,                0.91958,                0.90184,                0.93405,                0.72662,                0.81921,                0.90636,                0.81353,              0.0017822,              0.0017822,              0.0017822
                     57,                0.98988,                0.62862,                0.98365,                0.93819,                0.93865,                 0.9574,                0.73261,                  0.887,                 1.0465,                0.81501,              0.0017782,              0.0017782,              0.0017782
                     58,                0.99286,                0.66359,                0.96842,                0.93311,                0.89571,                0.93409,                0.72681,                0.73995,                0.85907,                0.77694,              0.0017743,              0.0017743,              0.0017743
                     59,                 0.9559,                0.62391,                0.96685,                0.95399,                0.92025,                0.94805,                0.72516,                0.85367,                0.88528,                0.81478,              0.0017703,              0.0017703,              0.0017703
                     60,                 1.0078,                0.65444,                0.97742,                0.95423,                0.89537,                0.95198,                0.72543,                0.90275,                 1.0666,                0.84375,              0.0017664,              0.0017664,              0.0017664
                     61,                 1.0369,                0.64344,                 1.0035,                0.95107,                0.91411,                0.94309,                0.69551,                0.82515,                0.88202,                 0.8055,              0.0017624,              0.0017624,              0.0017624
                     62,                0.98274,                0.62798,                0.95586,                0.94987,                 0.8589,                 0.9303,                0.71446,                 0.8994,                0.91518,                0.83039,              0.0017584,              0.0017584,              0.0017584
                     63,                 1.0201,                0.63678,                0.97632,                0.95533,                0.91843,                0.94647,                0.74698,                 0.8264,                0.82615,                0.80859,              0.0017545,              0.0017545,              0.0017545
                     64,                0.96635,                 0.6222,                0.96126,                0.91266,                0.88957,                0.93596,                0.70228,                0.81616,                0.87038,                0.84153,              0.0017505,              0.0017505,              0.0017505
                     65,                0.99645,                0.67201,                0.96294,                0.93435,                0.92638,                0.94154,                0.72585,                0.93523,                0.95922,                0.83901,              0.0017466,              0.0017466,              0.0017466
                     66,                0.95614,                0.62894,                0.96392,                0.94612,                0.90798,                0.95012,                0.72285,                0.82897,                0.76166,                0.82651,              0.0017426,              0.0017426,              0.0017426
                     67,                0.97973,                0.63753,                0.96674,                0.94798,                0.89438,                0.93815,                0.72591,                0.80948,                0.75169,                0.80577,              0.0017386,              0.0017386,              0.0017386
                     68,                0.97051,                 0.6404,                0.96387,                0.94706,                0.91411,                0.93962,                0.72907,                0.83954,                0.79035,                0.82938,              0.0017347,              0.0017347,              0.0017347
                     69,                0.99438,                0.64969,                 0.9779,                0.95491,                0.90956,                0.92938,                0.72378,                0.89566,                0.89995,                0.81888,              0.0017307,              0.0017307,              0.0017307
                     70,                0.98638,                0.65083,                0.96189,                0.94794,                0.89372,                0.93332,                 0.7219,                0.84348,                 0.8091,                0.79882,              0.0017268,              0.0017268,              0.0017268
                     71,                0.97376,                0.63454,                0.97083,                0.93704,                0.88957,                0.93286,                0.70913,                0.93083,                 1.0263,                0.83423,              0.0017228,              0.0017228,              0.0017228
                     72,                0.97712,                0.62636,                0.96104,                0.94792,                0.90798,                0.94416,                0.72215,                0.85443,                0.87198,                0.82194,              0.0017188,              0.0017188,              0.0017188
                     73,                0.96187,                0.60699,                 0.9699,                 0.9426,                0.92638,                0.94536,                0.75721,                 0.8098,                0.94373,                0.79531,              0.0017149,              0.0017149,              0.0017149
                     74,                0.96867,                0.63914,                0.96487,                0.95438,                0.89836,                 0.9425,                0.71671,                0.90174,                0.87153,                 0.8268,              0.0017109,              0.0017109,              0.0017109
                     75,                0.93887,                0.62131,                0.96246,                0.94901,                0.93865,                0.95136,                0.75866,                0.79618,                0.84508,                0.78099,               0.001707,               0.001707,               0.001707
                     76,                0.98069,                 0.6004,                0.95944,                0.94265,                0.91411,                0.94945,                0.74309,                0.91436,                0.85516,                0.82437,               0.001703,               0.001703,               0.001703
                     77,                0.95811,                0.62455,                0.99278,                0.93431,                0.91411,                0.94031,                0.74042,                  0.775,                0.58539,                0.78852,               0.001699,               0.001699,               0.001699
                     78,                0.95535,                0.63088,                0.97161,                0.94249,                0.91411,                0.94054,                0.72838,                0.81354,                 0.8816,                0.79387,              0.0016951,              0.0016951,              0.0016951
                     79,                0.96347,                0.64363,                0.96707,                0.95968,                0.92025,                0.94798,                0.73407,                0.88584,                0.94146,                0.83781,              0.0016911,              0.0016911,              0.0016911
                     80,                0.97456,                0.61473,                0.95457,                0.96725,                0.90611,                0.94344,                0.75031,                0.77412,                0.80285,                0.78675,              0.0016872,              0.0016872,              0.0016872
                     81,                0.97044,                0.60226,                0.97453,                0.95804,                0.90184,                0.94013,                0.74099,                0.83875,                0.76863,                0.79677,              0.0016832,              0.0016832,              0.0016832
                     82,                0.95547,                0.60353,                0.95623,                0.95411,                0.92025,                0.92771,                0.72895,                0.80474,                0.69053,                0.79658,              0.0016792,              0.0016792,              0.0016792
                     83,                0.92047,                0.58631,                0.94657,                0.91906,                0.93865,                0.93173,                0.73777,                 0.8641,                0.80125,                0.85283,              0.0016753,              0.0016753,              0.0016753
                     84,                0.96443,                0.60341,                0.96074,                0.94284,                0.93252,                0.94035,                0.73955,                0.71381,                0.76739,                0.77037,              0.0016713,              0.0016713,              0.0016713
                     85,                0.95126,                 0.5822,                0.94868,                0.92093,                0.92891,                0.95212,                0.74333,                0.73833,                0.68025,                0.77357,              0.0016674,              0.0016674,              0.0016674
                     86,                0.94997,                0.59111,                0.97091,                0.94765,                0.93252,                  0.953,                 0.7434,                0.76454,                0.62086,                 0.7812,              0.0016634,              0.0016634,              0.0016634
                     87,                0.96593,                0.62615,                0.96494,                 0.9415,                0.93865,                0.93643,                0.71969,                0.74649,                0.89398,                0.77907,              0.0016594,              0.0016594,              0.0016594
                     88,                0.94078,                0.59796,                0.95544,                0.94967,                  0.926,                0.93869,                0.72028,                0.80813,                0.74595,                0.80722,              0.0016555,              0.0016555,              0.0016555
                     89,                0.90929,                0.57358,                0.94817,                 0.9553,                0.91772,                0.94151,                0.72524,                0.85574,                0.71499,                0.82222,              0.0016515,              0.0016515,              0.0016515
                     90,                0.94685,                0.58732,                 0.9489,                0.96166,                0.93252,                0.93116,                0.73492,                0.81362,                 1.0443,                0.80711,              0.0016476,              0.0016476,              0.0016476
                     91,                0.96709,                0.61143,                 0.9713,                 0.9488,                0.92638,                0.94039,                0.74212,                0.81285,                 0.9364,                0.79962,              0.0016436,              0.0016436,              0.0016436
                     92,                0.95795,                 0.6091,                0.98278,                0.96703,                0.90184,                0.94586,                0.74759,                0.76257,                 0.7322,                0.77931,              0.0016396,              0.0016396,              0.0016396
                     93,                0.93916,                 0.6164,                0.95178,                0.94642,                0.93865,                0.95419,                0.74784,                0.69739,                0.76734,                0.75801,              0.0016357,              0.0016357,              0.0016357
                     94,                0.93696,                0.58474,                0.94622,                0.94923,                 0.9177,                0.94646,                0.75481,                0.74459,                0.79772,                0.77138,              0.0016317,              0.0016317,              0.0016317
                     95,                0.92174,                0.58716,                0.94407,                0.93934,                0.93865,                0.93803,                0.73966,                0.83941,                0.77093,                0.78739,              0.0016278,              0.0016278,              0.0016278
                     96,                0.98642,                0.59738,                0.96991,                0.94815,                0.92025,                0.95123,                0.74066,                0.87498,                0.68795,                0.80716,              0.0016238,              0.0016238,              0.0016238
                     97,                0.97546,                0.62738,                0.97773,                0.94944,                0.92158,                0.95747,                0.73972,                0.77973,                 1.1616,                0.78783,              0.0016198,              0.0016198,              0.0016198
                     98,                 0.9543,                0.59833,                0.96307,                0.94744,                0.90798,                0.94027,                0.71647,                0.80336,                0.84658,                0.79367,              0.0016159,              0.0016159,              0.0016159
                     99,                0.90401,                 0.5755,                0.92357,                0.94125,                0.92638,                0.94478,                0.74307,                0.81372,                0.80188,                  0.796,              0.0016119,              0.0016119,              0.0016119
                    100,                0.92977,                0.58004,                  0.954,                 0.9344,                0.92638,                0.94374,                0.74274,                0.78843,                0.96642,                0.79099,               0.001608,               0.001608,               0.001608
                    101,                0.91837,                 0.5892,                0.94584,                0.93945,                0.93252,                0.94233,                0.73649,                0.78217,                0.75606,                0.77997,               0.001604,               0.001604,               0.001604
                    102,                0.94788,                0.59384,                0.95285,                0.93171,                0.91411,                0.94046,                0.72746,                0.74604,                0.88548,                 0.7695,                 0.0016,                 0.0016,                 0.0016
                    103,                0.97969,                0.61487,                0.97781,                0.95932,                0.92025,                0.95127,                  0.754,                0.75988,                0.86741,                0.76807,              0.0015961,              0.0015961,              0.0015961
                    104,                0.94255,                0.60271,                0.94156,                0.94291,                0.91193,                0.95791,                0.74671,                0.79577,                0.70478,                0.78784,              0.0015921,              0.0015921,              0.0015921
                    105,                0.94472,                0.59806,                0.95196,                0.94996,                0.93174,                0.94529,                0.74318,                0.67106,                0.60727,                0.76254,              0.0015882,              0.0015882,              0.0015882
                    106,                0.90947,                0.57668,                0.94279,                0.94865,                0.92025,                0.93391,                0.74718,                0.75369,                0.63483,                0.77615,              0.0015842,              0.0015842,              0.0015842
                    107,                  0.931,                0.59337,                0.94504,                0.94351,                0.92225,                0.93737,                0.74834,                0.71216,                0.72172,                0.76576,              0.0015802,              0.0015802,              0.0015802
                    108,                 0.9176,                0.57243,                0.95809,                0.92138,                0.93468,                0.94673,                0.74329,                 0.8176,                0.75827,                0.79144,              0.0015763,              0.0015763,              0.0015763
                    109,                0.92788,                0.55706,                0.95289,                0.90355,                0.94479,                0.94651,                0.75896,                0.80913,                0.67292,                0.82259,              0.0015723,              0.0015723,              0.0015723
                    110,                0.94963,                0.58734,                0.96431,                  0.949,                0.91334,                 0.9553,                 0.7504,                0.80646,                0.65706,                0.79336,              0.0015684,              0.0015684,              0.0015684
                    111,                0.90179,                0.56838,                0.93854,                0.95555,                0.91411,                0.95247,                0.75824,                0.77515,                0.63299,                0.78815,              0.0015644,              0.0015644,              0.0015644
                    112,                0.89212,                0.56674,                0.93184,                0.93292,                0.93861,                0.94018,                 0.7398,                0.71918,                0.60045,                0.77301,              0.0015604,              0.0015604,              0.0015604
                    113,                0.92148,                 0.5599,                0.96165,                0.94881,                0.90978,                0.94592,                0.75084,                0.85625,                0.75036,                0.80097,              0.0015565,              0.0015565,              0.0015565
                    114,                0.90223,                0.56537,                0.94253,                0.91942,                0.90999,                0.93973,                0.75287,                0.72712,                0.71186,                0.78611,              0.0015525,              0.0015525,              0.0015525
                    115,                0.95829,                0.56406,                0.94984,                0.94149,                0.91411,                0.94714,                  0.746,                0.74138,                0.79721,                0.77778,              0.0015486,              0.0015486,              0.0015486
                    116,                0.95192,                0.57918,                0.95427,                0.94986,                0.92977,                0.95232,                0.75814,                0.80201,                0.72457,                0.79249,              0.0015446,              0.0015446,              0.0015446
                    117,                0.90481,                0.57251,                0.94768,                0.94326,                0.91791,                0.94713,                0.75112,                0.80856,                0.73634,                0.78948,              0.0015406,              0.0015406,              0.0015406
                    118,                0.89502,                0.56067,                0.93487,                0.94348,                0.92164,                0.93112,                0.73445,                0.79928,                0.70893,                0.79203,              0.0015367,              0.0015367,              0.0015367
                    119,                 0.9215,                0.58098,                0.94299,                0.94924,                0.93865,                0.95265,                0.75442,                0.72946,                0.70148,                0.77505,              0.0015327,              0.0015327,              0.0015327
                    120,                0.88658,                0.56255,                0.93902,                0.94647,                0.93865,                0.95516,                0.75627,                0.74957,                0.66663,                0.77963,              0.0015288,              0.0015288,              0.0015288
                    121,                0.91377,                0.57315,                0.94019,                0.94651,                0.91411,                0.94972,                0.76334,                0.72141,                0.76516,                0.76508,              0.0015248,              0.0015248,              0.0015248
                    122,                0.89721,                 0.5483,                 0.9451,                0.94311,                0.90798,                 0.9467,                0.76912,                0.77468,                0.73862,                0.79849,              0.0015208,              0.0015208,              0.0015208
                    123,                0.91533,                0.53876,                0.93409,                0.94254,                0.93865,                0.94651,                0.76247,                0.78802,                0.73794,                0.78284,              0.0015169,              0.0015169,              0.0015169
                    124,                0.91802,                0.56886,                0.93964,                0.93206,                0.93252,                0.94888,                0.75017,                0.73708,                  0.602,                 0.7704,              0.0015129,              0.0015129,              0.0015129
                    125,                0.92022,                 0.5715,                 0.9394,                0.93047,                0.93252,                  0.935,                0.73094,                0.77112,                0.83219,                0.77762,               0.001509,               0.001509,               0.001509
                    126,                0.88803,                0.54869,                 0.9419,                0.94733,                0.90798,                0.94192,                0.73698,                0.77489,                0.83722,                 0.7703,               0.001505,               0.001505,               0.001505
                    127,                0.87654,                0.54484,                0.92632,                0.94935,                0.92638,                0.93558,                0.74906,                0.74324,                0.85203,                0.79313,               0.001501,               0.001501,               0.001501
                    128,                0.91617,                0.55211,                0.93404,                0.95386,                0.90798,                0.93631,                0.74533,                0.81306,                0.75697,                0.80041,              0.0014971,              0.0014971,              0.0014971
                    129,                0.90715,                0.56976,                0.93764,                0.95581,                0.92894,                0.94348,                0.75504,                0.79576,                0.85665,                0.78946,              0.0014931,              0.0014931,              0.0014931
                    130,                  0.906,                0.55874,                0.94965,                0.95022,                 0.9368,                0.93455,                0.75455,                0.95456,                 1.0382,                0.86902,              0.0014892,              0.0014892,              0.0014892
                    131,                0.91317,                0.57559,                0.94205,                0.94953,                0.93865,                0.94719,                0.75146,                 0.9079,                 0.8088,                0.85652,              0.0014852,              0.0014852,              0.0014852
                    132,                0.87182,                0.52974,                0.94678,                0.93329,                0.94418,                0.94723,                0.75732,                0.74533,                0.61187,                0.78007,              0.0014812,              0.0014812,              0.0014812
                    133,                0.85782,                0.53857,                0.93886,                0.96763,                0.91711,                0.95436,                 0.7534,                0.80425,                0.62932,                0.78721,              0.0014773,              0.0014773,              0.0014773
                    134,                0.92012,                0.57209,                0.95724,                0.93696,                0.92638,                0.93825,                0.74988,                0.91083,                 1.1021,                0.85312,              0.0014733,              0.0014733,              0.0014733
                    135,                 0.8431,                0.51975,                0.92458,                0.93772,                0.92368,                0.93765,                0.75057,                0.99801,                0.75224,                0.92449,              0.0014694,              0.0014694,              0.0014694
                    136,                0.86775,                0.54569,                0.93557,                0.95264,                0.91411,                0.93811,                0.75868,                0.82224,                  0.729,                0.79527,              0.0014654,              0.0014654,              0.0014654
                    137,                  0.934,                0.55818,                0.95607,                0.93818,                0.93107,                0.95143,                0.75089,                0.89115,                0.81872,                0.81111,              0.0014614,              0.0014614,              0.0014614
                    138,                0.88976,                0.53886,                0.92938,                0.93856,                0.93717,                0.93588,                0.73166,                0.80069,                0.68616,                0.78486,              0.0014575,              0.0014575,              0.0014575
                    139,                0.89191,                0.56874,                0.95819,                0.95753,                0.92025,                0.95552,                 0.7478,                0.82421,                  0.868,                0.80573,              0.0014535,              0.0014535,              0.0014535
                    140,                0.88598,                0.53919,                0.93835,                0.94907,                0.93865,                0.94662,                0.76187,                0.85696,                0.74452,                0.79859,              0.0014496,              0.0014496,              0.0014496
                    141,                0.88738,                0.55276,                0.93616,                0.94019,                0.92638,                0.95508,                0.75698,                0.85728,                0.70627,                0.79374,              0.0014456,              0.0014456,              0.0014456
                    142,                0.88838,                0.55612,                0.93816,                0.95491,                0.93252,                0.95254,                0.76569,                0.78238,                0.65497,                0.80116,              0.0014416,              0.0014416,              0.0014416
                    143,                 0.8877,                0.55597,                0.92368,                 0.9605,                0.93252,                0.94422,                0.75819,                0.74931,                0.70456,                0.78652,              0.0014377,              0.0014377,              0.0014377
                    144,                0.86919,                0.53141,                0.95262,                0.95874,                0.92638,                0.96903,                0.78273,                0.73187,                0.65021,                0.76727,              0.0014337,              0.0014337,              0.0014337
                    145,                 0.8424,                0.56523,                0.92068,                 0.9388,                0.92638,                0.94153,                0.72963,                 0.8425,                0.80304,                0.78693,              0.0014298,              0.0014298,              0.0014298
                    146,                0.88351,                0.53584,                0.94338,                0.94981,                0.92879,                0.95143,                0.75564,                0.81918,                0.92458,                0.81434,              0.0014258,              0.0014258,              0.0014258
                    147,                0.88768,                0.54517,                0.95157,                0.95551,                0.92237,                0.94756,                0.76486,                0.78963,                0.72984,                0.79897,              0.0014218,              0.0014218,              0.0014218
                    148,                0.84821,                0.52682,                0.94027,                0.94752,                0.92025,                0.94613,                0.76952,                0.79481,                0.88524,                0.81238,              0.0014179,              0.0014179,              0.0014179
                    149,                0.90215,                0.54329,                0.95191,                0.95509,                0.91325,                 0.9533,                0.77269,                0.82527,                0.82323,                0.80891,              0.0014139,              0.0014139,              0.0014139
                    150,                0.87884,                0.53738,                0.93875,                0.94923,                0.91773,                0.94264,                0.75723,                0.82279,                0.94425,                0.81334,                0.00141,                0.00141,                0.00141
                    151,                0.83414,                0.54125,                0.92689,                0.96147,                0.91862,                0.94955,                0.74399,                0.81441,                0.69964,                 0.8194,               0.001406,               0.001406,               0.001406
                    152,                0.86632,                0.53094,                0.92458,                0.95472,                0.93252,                 0.9494,                0.75776,                 0.8873,                 1.0691,                0.81367,               0.001402,               0.001402,               0.001402
                    153,                0.90208,                0.55281,                0.94925,                0.97456,                0.90798,                0.96119,                0.75709,                0.80551,                0.77452,                0.79739,              0.0013981,              0.0013981,              0.0013981
                    154,                0.89827,                0.53424,                0.94867,                0.95523,                0.91636,                0.95047,                0.76492,                0.81549,                0.60505,                0.81223,              0.0013941,              0.0013941,              0.0013941
                    155,                0.87692,                0.53618,                0.94767,                0.96741,                0.91059,                0.96177,                0.74953,                0.79506,                 0.5799,                0.78763,              0.0013902,              0.0013902,              0.0013902
                    156,                0.87603,                0.55588,                0.94139,                0.94773,                0.93252,                0.95211,                0.75266,                  0.806,                0.64529,                0.78989,              0.0013862,              0.0013862,              0.0013862
                    157,                0.90826,                0.53927,                0.95044,                0.94938,                0.91411,                0.95042,                0.75751,                0.80242,                0.60804,                 0.7836,              0.0013822,              0.0013822,              0.0013822
                    158,                0.86438,                0.53338,                0.93686,                0.95922,                0.92638,                 0.9548,                0.77184,                0.81842,                0.58402,                0.79758,              0.0013783,              0.0013783,              0.0013783
                    159,                0.91677,                0.55247,                0.95887,                0.94283,                0.94479,                0.94657,                0.76523,                 1.0074,                0.73385,                0.92467,              0.0013743,              0.0013743,              0.0013743
                    160,                0.88051,                0.52674,                0.95542,                 0.9386,                0.93789,                0.95331,                0.76734,                0.82434,                0.83751,                 0.8121,              0.0013704,              0.0013704,              0.0013704
                    161,                0.86742,                0.52821,                0.93268,                0.96151,                0.92025,                0.95301,                 0.7626,                0.76123,                0.59137,                0.79374,              0.0013664,              0.0013664,              0.0013664
                    162,                0.83365,                0.52048,                0.93175,                0.96139,                0.91665,                0.95338,                0.76466,                 0.7791,                0.72938,                0.79133,              0.0013624,              0.0013624,              0.0013624
                    163,                0.87188,                0.53456,                0.94481,                0.96086,                0.92638,                0.95249,                 0.7515,                 0.8952,                0.98725,                 0.8215,              0.0013585,              0.0013585,              0.0013585
                    164,                0.87015,                0.53655,                0.93745,                0.96326,                0.90184,                0.94531,                0.73514,                0.92959,                 1.0815,                0.87607,              0.0013545,              0.0013545,              0.0013545
                    165,                0.88042,                0.53237,                0.94079,                0.96727,                0.90654,                 0.9511,                0.75144,                0.80541,                 0.8564,                0.80424,              0.0013506,              0.0013506,              0.0013506
                    166,                0.83955,                0.51656,                0.93376,                0.94724,                0.92638,                 0.9443,                0.74719,                0.90901,                 1.0219,                0.84431,              0.0013466,              0.0013466,              0.0013466
                    167,                0.82098,                0.50186,                0.94232,                0.93795,                0.93252,                0.95599,                0.75683,                0.87695,                0.86686,                0.81482,              0.0013426,              0.0013426,              0.0013426
                    168,                0.84812,                0.49443,                0.93199,                 0.9492,                0.91708,                0.94673,                0.75901,                0.90284,                0.74523,                0.84421,              0.0013387,              0.0013387,              0.0013387
                    169,                0.87432,                0.51416,                0.93893,                0.95623,                0.93828,                0.94599,                0.75453,                0.85354,                0.79849,                0.81168,              0.0013347,              0.0013347,              0.0013347
                    170,                0.86508,                0.52916,                0.93031,                0.95624,                0.93851,                0.93939,                0.75107,                0.80951,                0.76568,                0.80271,              0.0013308,              0.0013308,              0.0013308
                    171,                0.84844,                0.49446,                0.93243,                0.95049,                0.92638,                0.94603,                0.75933,                0.87827,                0.76841,                0.83444,              0.0013268,              0.0013268,              0.0013268
                    172,                0.84404,                0.51974,                0.92054,                0.95285,                0.92025,                0.95235,                0.75244,                0.84999,                0.71235,                0.82071,              0.0013228,              0.0013228,              0.0013228
                    173,                0.86001,                0.51673,                0.91747,                0.94279,                0.92638,                0.93477,                 0.7449,                0.86927,                 0.6319,                0.87746,              0.0013189,              0.0013189,              0.0013189
                    174,                0.88022,                0.53409,                0.94287,                 0.9396,                0.95706,                0.95928,                 0.7668,                0.79177,                0.57982,                0.80977,              0.0013149,              0.0013149,              0.0013149
                    175,                0.86389,                0.52152,                0.92635,                0.94231,                0.92025,                0.94547,                0.76106,                  0.774,                 0.6334,                  0.806,               0.001311,               0.001311,               0.001311
                    176,                0.86672,                0.51437,                0.93084,                 0.9495,                0.93252,                0.94779,                0.75296,                0.80739,                 0.6262,                0.80701,               0.001307,               0.001307,               0.001307
                    177,                0.84321,                0.51139,                0.92936,                   0.95,                0.93865,                0.94409,                  0.766,                0.71889,                0.64368,                0.80418,               0.001303,               0.001303,               0.001303
                    178,                0.85404,                 0.5168,                0.92987,                0.95072,                0.94693,                0.95441,                0.76755,                0.74468,                0.73328,                0.77637,              0.0012991,              0.0012991,              0.0012991
                    179,                0.85186,                0.51998,                0.93265,                0.95435,                0.92638,                0.94674,                0.75733,                0.81869,                0.59732,                0.85486,              0.0012951,              0.0012951,              0.0012951
                    180,                0.83908,                0.50201,                0.91544,                0.94475,                 0.9442,                0.94764,                0.76076,                0.70504,                0.57732,                0.76594,              0.0012912,              0.0012912,              0.0012912
                    181,                0.85779,                0.54468,                0.93232,                0.95975,                0.92638,                0.94823,                0.77267,                0.72076,                0.55174,                0.77263,              0.0012872,              0.0012872,              0.0012872
                    182,                0.83624,                0.51448,                 0.9188,                0.95597,                0.93246,                0.96105,                0.76334,                0.79375,                0.57335,                0.78463,              0.0012832,              0.0012832,              0.0012832
                    183,                0.85953,                0.52551,                0.93798,                 0.9678,                0.92025,                0.95706,                0.76959,                0.81103,                0.66412,                0.80784,              0.0012793,              0.0012793,              0.0012793
                    184,                0.82176,                0.49489,                0.92572,                0.96772,                0.92638,                0.95517,                0.76188,                0.82161,                0.73186,                0.81178,              0.0012753,              0.0012753,              0.0012753
                    185,                0.82308,                 0.5085,                0.92641,                0.94407,                0.94479,                0.95682,                0.77467,                0.80497,                0.82088,                  0.804,              0.0012714,              0.0012714,              0.0012714
                    186,                0.81923,                0.50194,                0.91895,                0.96169,                0.92406,                0.95381,                0.76569,                0.74321,                0.70311,                0.77032,              0.0012674,              0.0012674,              0.0012674
                    187,                0.85191,                0.50083,                0.92627,                0.96574,                0.93252,                0.95483,                0.77207,                0.75316,                0.81885,                0.77212,              0.0012634,              0.0012634,              0.0012634
                    188,                 0.8064,                0.48897,                0.92245,                 0.9489,                0.95092,                 0.9507,                0.76341,                0.82276,                0.85665,                0.81154,              0.0012595,              0.0012595,              0.0012595
                    189,                0.82229,                 0.5092,                0.94072,                0.96359,                0.91411,                0.96306,                0.76666,                0.72447,                0.73986,                0.77788,              0.0012555,              0.0012555,              0.0012555
                    190,                0.85495,                0.50578,                0.93015,                0.96625,                0.91411,                0.95722,                0.75833,                0.83759,                0.97007,                 0.7954,              0.0012516,              0.0012516,              0.0012516
                    191,                0.82708,                 0.4942,                0.92679,                0.95551,                0.90798,                0.94454,                 0.7542,                 0.7748,                0.96432,                 0.7901,              0.0012476,              0.0012476,              0.0012476
                    192,                0.80139,                0.48838,                0.90961,                0.95804,                0.93252,                0.95487,                0.75577,                0.76388,                0.89166,                0.78217,              0.0012436,              0.0012436,              0.0012436
                    193,                0.85199,                0.51263,                0.92407,                0.96246,                0.93252,                0.95587,                0.75502,                0.75614,                0.82804,                 0.7969,              0.0012397,              0.0012397,              0.0012397
                    194,                 0.8121,                0.47136,                0.91597,                0.96005,                0.93252,                0.95133,                0.75587,                0.83302,                0.79787,                0.80996,              0.0012357,              0.0012357,              0.0012357
